Category,SubCategory,CatID,CatShort,Explanations,Synonyms - Comma Separated,Category_fr,SubCategory_fr,Synonyms_fr,Category_pl,SubCategory_pl,Synonyms_pl,Category_de,SubCategory_de,Synonyms_de,Category_pt,SubCategory_pt,Synonyms_pt,Category_pt-br,SubCategory_pt-br,Synonyms_pt-br,Category_zh,SubCategory_zh,Synonyms_zh,Category_tw,SubCategory_tw,Synonyms_tw,Category_es,SubCategory_es,Synonyms_es,Category_ja,SubCategory_ja,Synonyms_ja,Category_no,SubCategory_no,Synonyms_no,Category_da,SubCategory_da,Synonyms_da,Category_sv,SubCategory_sv,Synonyms_sv,Category_fi,SubCategory_fi,Synonyms_fi,Category_ru,SubCategory_ru,Synonyms_ru,Category_ua,SubCategory_ua,Synonyms_ua,Category_it,SubCategory_it,Synonyms_it,Category_nl,SubCategory_nl,Synonyms_nl,Category_tr,SubCategory_tr,Synonyms_tr,Category_kr,SubCategory_kr,Synonyms_kr
AI GENERATED,AIR,AIAir,AI,AI-generated sounds that would otherwise belong in the UCS AIR category.,"ai, aigen, aigenerated, genai, generated, generative, elevenlabs, suno, udio, stableaudio, audiogen, audiocraft, musicgen, air, blow, burst, hiss, suction",,,,,,,,,,,,,,,,,,,,,,,,,,,,AI-GENERERT,LUFT,,,,,,,,,,,,,,,,,,,,,,,,,,,,
AI GENERATED,AIRCRAFT,AIAero,AI,AI-generated sounds that would otherwise belong in the UCS AIRCRAFT category.,"ai, aigen, aigenerated, genai, generated, generative, elevenlabs, suno, udio, stableaudio, audiogen, audiocraft, musicgen, aircraft, airplane, plane, planes, helicopter, jet, controlled, prop, radio, rocket",,,,,,,,,,,,,,,,,,,,,,,,,,,,AI-GENERERT,LUFTFARTØY,,,,,,,,,,,,,,,,,,,,,,,,,,,,
AI GENERATED,ALARMS,AIAlrm,AI,AI-generated sounds that would otherwise belong in the UCS ALARMS category.,"ai, aigen, aigenerated, genai, generated, generative, elevenlabs, suno, udio, stableaudio, audiogen, audiocraft, musicgen, alarm, alarms, siren, bell, buzzer, clock, electronic",,,,,,,,,,,,,,,,,,,,,,,,,,,,AI-GENERERT,ALARM,,,,,,,,,,,,,,,,,,,,,,,,,,,,
AI GENERATED,AMBIENCE,AIAmb,AI,AI-generated sounds that would otherwise belong in the UCS AMBIENCE category.,"ai, aigen, aigenerated, genai, generated, generative, elevenlabs, suno, udio, stableaudio, audiogen, audiocraft, musicgen, ambience, ambiences, ambient, amb, alpine, amusement, bar, birdsong, desert, emergency, fantasy, forest, grassland, historical, hospital, industrial, lakeside, market, nautical, park, place, prison, protest, public, religious, residential, restaurant, room, rural, school, scifi, seaside, suburban, swamp, tone, town, traffic, transportation, tropical, tundra, underground, urban, warfare",,,,,,,,,,,,,,,,,,,,,,,,,,,,AI-GENERERT,ATMOSFÆRE,,,,,,,,,,,,,,,,,,,,,,,,,,,,
AI GENERATED,ANIMALS,AIAnml,AI,AI-generated sounds that would otherwise belong in the UCS ANIMALS category.,"ai, aigen, aigenerated, genai, generated, generative, elevenlabs, suno, udio, stableaudio, audiogen, audiocraft, musicgen, animal, animals, amphibian, aquatic, bat, cat, dog, domestic, horse, primate, reptile, rodent, wild",,,,,,,,,,,,,,,,,,,,,,,,,,,,AI-GENERERT,DYR,,,,,,,,,,,,,,,,,,,,,,,,,,,,
AI GENERATED,BEEPS,AIBeep,AI,AI-generated sounds that would otherwise belong in the UCS BEEPS category.,"ai, aigen, aigenerated, genai, generated, generative, elevenlabs, suno, udio, stableaudio, audiogen, audiocraft, musicgen, beep, beeps, lofi, timer",,,,,,,,,,,,,,,,,,,,,,,,,,,,AI-GENERERT,PIP,,,,,,,,,,,,,,,,,,,,,,,,,,,,
AI GENERATED,BELLS,AIBell,AI,AI-generated sounds that would otherwise belong in the UCS BELLS category.,"ai, aigen, aigenerated, genai, generated, generative, elevenlabs, suno, udio, stableaudio, audiogen, audiocraft, musicgen, bell, bells, doorbell, gong, handbell, large",,,,,,,,,,,,,,,,,,,,,,,,,,,,AI-GENERERT,KLOKKER,,,,,,,,,,,,,,,,,,,,,,,,,,,,
AI GENERATED,BIRDS,AIBird,AI,AI-generated sounds that would otherwise belong in the UCS BIRDS category.,"ai, aigen, aigenerated, genai, generated, generative, elevenlabs, suno, udio, stableaudio, audiogen, audiocraft, musicgen, bird, birds, crow, fowl, prey, sea, songbird, tropical, wading",,,,,,,,,,,,,,,,,,,,,,,,,,,,AI-GENERERT,FUGLER,,,,,,,,,,,,,,,,,,,,,,,,,,,,
AI GENERATED,BOATS,AIBoat,AI,AI-generated sounds that would otherwise belong in the UCS BOATS category.,"ai, aigen, aigenerated, genai, generated, generative, elevenlabs, suno, udio, stableaudio, audiogen, audiocraft, musicgen, boat, boats, ship, bow, fishing, motorboat, racing, rowboat, sailboat, submarine, wash",,,,,,,,,,,,,,,,,,,,,,,,,,,,AI-GENERERT,BÅT,,,,,,,,,,,,,,,,,,,,,,,,,,,,
AI GENERATED,BULLETS,AIBllt,AI,AI-generated sounds that would otherwise belong in the UCS BULLETS category.,"ai, aigen, aigenerated, genai, generated, generative, elevenlabs, suno, udio, stableaudio, audiogen, audiocraft, musicgen, bullet, bullets, ricochet, shell",,,,,,,,,,,,,,,,,,,,,,,,,,,,AI-GENERERT,SKUDD,,,,,,,,,,,,,,,,,,,,,,,,,,,,
AI GENERATED,CARTOON,AIToon,AI,AI-generated sounds that would otherwise belong in the UCS CARTOON category.,"ai, aigen, aigenerated, genai, generated, generative, elevenlabs, suno, udio, stableaudio, audiogen, audiocraft, musicgen, cartoon, toon, boing, clang, machine, musical, pluck, pop, shake, splat, squeak, stretch, swish, twang, warble, whistle, zip",,,,,,,,,,,,,,,,,,,,,,,,,,,,AI-GENERERT,TEGNESERIE,,,,,,,,,,,,,,,,,,,,,,,,,,,,
AI GENERATED,CERAMICS,AICerm,AI,AI-generated sounds that would otherwise belong in the UCS CERAMICS category.,"ai, aigen, aigenerated, genai, generated, generative, elevenlabs, suno, udio, stableaudio, audiogen, audiocraft, musicgen, ceramic, ceramics",,,,,,,,,,,,,,,,,,,,,,,,,,,,AI-GENERERT,KERAMIKK,,,,,,,,,,,,,,,,,,,,,,,,,,,,
AI GENERATED,CHAINS,AIChain,AI,AI-generated sounds that would otherwise belong in the UCS CHAINS category.,"ai, aigen, aigenerated, genai, generated, generative, elevenlabs, suno, udio, stableaudio, audiogen, audiocraft, musicgen, chain, chains",,,,,,,,,,,,,,,,,,,,,,,,,,,,AI-GENERERT,KJETTING,,,,,,,,,,,,,,,,,,,,,,,,,,,,
AI GENERATED,CHEMICALS,AIChem,AI,AI-generated sounds that would otherwise belong in the UCS CHEMICALS category.,"ai, aigen, aigenerated, genai, generated, generative, elevenlabs, suno, udio, stableaudio, audiogen, audiocraft, musicgen, chemical, chemicals, acid",,,,,,,,,,,,,,,,,,,,,,,,,,,,AI-GENERERT,KJEMIKALIER,,,,,,,,,,,,,,,,,,,,,,,,,,,,
AI GENERATED,CLOCKS,AIClock,AI,AI-generated sounds that would otherwise belong in the UCS CLOCKS category.,"ai, aigen, aigenerated, genai, generated, generative, elevenlabs, suno, udio, stableaudio, audiogen, audiocraft, musicgen, clock, clocks, chime, mechanics, tick",,,,,,,,,,,,,,,,,,,,,,,,,,,,AI-GENERERT,UR,,,,,,,,,,,,,,,,,,,,,,,,,,,,
AI GENERATED,CLOTH,AICloth,AI,AI-generated sounds that would otherwise belong in the UCS CLOTH category.,"ai, aigen, aigenerated, genai, generated, generative, elevenlabs, suno, udio, stableaudio, audiogen, audiocraft, musicgen, cloth, fabric, flap, rip",,,,,,,,,,,,,,,,,,,,,,,,,,,,AI-GENERERT,STOFF,,,,,,,,,,,,,,,,,,,,,,,,,,,,
AI GENERATED,COMMUNICATIONS,AICom,AI,AI-generated sounds that would otherwise belong in the UCS COMMUNICATIONS category.,"ai, aigen, aigenerated, genai, generated, generative, elevenlabs, suno, udio, stableaudio, audiogen, audiocraft, musicgen, communication, communications, radio, phone, audio, camera, cellphone, microphone, phonograph, static, telemetry, telephone, television, transceiver, typewriter, visual",,,,,,,,,,,,,,,,,,,,,,,,,,,,AI-GENERERT,KOMMUNIKASJON,,,,,,,,,,,,,,,,,,,,,,,,,,,,
AI GENERATED,COMPUTERS,AICmpt,AI,AI-generated sounds that would otherwise belong in the UCS COMPUTERS category.,"ai, aigen, aigenerated, genai, generated, generative, elevenlabs, suno, udio, stableaudio, audiogen, audiocraft, musicgen, computer, computers, drive, hard, keyboard, mouse",,,,,,,,,,,,,,,,,,,,,,,,,,,,AI-GENERERT,DATAMASKIN,,,,,,,,,,,,,,,,,,,,,,,,,,,,
AI GENERATED,CREATURES,AICrea,AI,AI-generated sounds that would otherwise belong in the UCS CREATURES category.,"ai, aigen, aigenerated, genai, generated, generative, elevenlabs, suno, udio, stableaudio, audiogen, audiocraft, musicgen, creature, creatures, monster, monsters, aquatic, avian, beast, blob, dinosaur, dragon, elemental, ethereal, humanoid, insectoid, reptilian, small",,,,,,,,,,,,,,,,,,,,,,,,,,,,AI-GENERERT,VESEN,,,,,,,,,,,,,,,,,,,,,,,,,,,,
AI GENERATED,CROWDS,AICrwd,AI,AI-generated sounds that would otherwise belong in the UCS CROWDS category.,"ai, aigen, aigenerated, genai, generated, generative, elevenlabs, suno, udio, stableaudio, audiogen, audiocraft, musicgen, crowd, crowds, walla, angry, applause, battle, cheering, children, conversation, group, laughter, panic, quiet, singing",,,,,,,,,,,,,,,,,,,,,,,,,,,,AI-GENERERT,FOLKEMENGDE,,,,,,,,,,,,,,,,,,,,,,,,,,,,
AI GENERATED,DESIGNED,AIDsgn,AI,AI-generated sounds that would otherwise belong in the UCS DESIGNED category.,"ai, aigen, aigenerated, genai, generated, generative, elevenlabs, suno, udio, stableaudio, audiogen, audiocraft, musicgen, designed, dsgn, bass, boom, braam, distortion, dive, drone, eerie, ethereal, granular, morph, rhythmic, riser, rumble, stinger, synthetic",,,,,,,,,,,,,,,,,,,,,,,,,,,,AI-GENERERT,DESIGNET,,,,,,,,,,,,,,,,,,,,,,,,,,,,
AI GENERATED,DESTRUCTION,AIDestr,AI,AI-generated sounds that would otherwise belong in the UCS DESTRUCTION category.,"ai, aigen, aigenerated, genai, generated, generative, elevenlabs, suno, udio, stableaudio, audiogen, audiocraft, musicgen, destruction, destroy, collapse",,,,,,,,,,,,,,,,,,,,,,,,,,,,AI-GENERERT,ØDELEGGELSE,,,,,,,,,,,,,,,,,,,,,,,,,,,,
AI GENERATED,DIRT & SAND,AIDirt,AI,AI-generated sounds that would otherwise belong in the UCS DIRT & SAND category.,"ai, aigen, aigenerated, genai, generated, generative, elevenlabs, suno, udio, stableaudio, audiogen, audiocraft, musicgen, dirt, sand, dust",,,,,,,,,,,,,,,,,,,,,,,,,,,,AI-GENERERT,SAND OG JORD,,,,,,,,,,,,,,,,,,,,,,,,,,,,
AI GENERATED,DOORS,AIDoor,AI,AI-generated sounds that would otherwise belong in the UCS DOORS category.,"ai, aigen, aigenerated, genai, generated, generative, elevenlabs, suno, udio, stableaudio, audiogen, audiocraft, musicgen, door, doors, cabinet, composite, dungeon, gate, glass, hardware, hydraulic, knock, prison, revolving, sliding, stone, swinging",,,,,,,,,,,,,,,,,,,,,,,,,,,,AI-GENERERT,DØRER,,,,,,,,,,,,,,,,,,,,,,,,,,,,
AI GENERATED,DRAWERS,AIDrwr,AI,AI-generated sounds that would otherwise belong in the UCS DRAWERS category.,"ai, aigen, aigenerated, genai, generated, generative, elevenlabs, suno, udio, stableaudio, audiogen, audiocraft, musicgen, drawer, drawers",,,,,,,,,,,,,,,,,,,,,,,,,,,,AI-GENERERT,SKUFFER,,,,,,,,,,,,,,,,,,,,,,,,,,,,
AI GENERATED,ELECTRICITY,AIElec,AI,AI-generated sounds that would otherwise belong in the UCS ELECTRICITY category.,"ai, aigen, aigenerated, genai, generated, generative, elevenlabs, suno, udio, stableaudio, audiogen, audiocraft, musicgen, electricity, zap, arc, buzz, electromagnetic, hum, sparks",,,,,,,,,,,,,,,,,,,,,,,,,,,,AI-GENERERT,ELEKTRISITET,,,,,,,,,,,,,,,,,,,,,,,,,,,,
AI GENERATED,EQUIPMENT,AIEquip,AI,AI-generated sounds that would otherwise belong in the UCS EQUIPMENT category.,"ai, aigen, aigenerated, genai, generated, generative, elevenlabs, suno, udio, stableaudio, audiogen, audiocraft, musicgen, equipment, gear, bridle, recreational, tack, tactical",,,,,,,,,,,,,,,,,,,,,,,,,,,,AI-GENERERT,UTSTYR,,,,,,,,,,,,,,,,,,,,,,,,,,,,
AI GENERATED,EXPLOSIONS,AIExpl,AI,AI-generated sounds that would otherwise belong in the UCS EXPLOSIONS category.,"ai, aigen, aigenerated, genai, generated, generative, elevenlabs, suno, udio, stableaudio, audiogen, audiocraft, musicgen, explosion, explosions, explode, real",,,,,,,,,,,,,,,,,,,,,,,,,,,,AI-GENERERT,EKSPLOSJON,,,,,,,,,,,,,,,,,,,,,,,,,,,,
AI GENERATED,FARTS,AIFart,AI,AI-generated sounds that would otherwise belong in the UCS FARTS category.,"ai, aigen, aigenerated, genai, generated, generative, elevenlabs, suno, udio, stableaudio, audiogen, audiocraft, musicgen, fart, farts, real",,,,,,,,,,,,,,,,,,,,,,,,,,,,AI-GENERERT,PROMP,,,,,,,,,,,,,,,,,,,,,,,,,,,,
AI GENERATED,FIGHT,AIFght,AI,AI-generated sounds that would otherwise belong in the UCS FIGHT category.,"ai, aigen, aigenerated, genai, generated, generative, elevenlabs, suno, udio, stableaudio, audiogen, audiocraft, musicgen, fight, fighting, punch, bodyfall, grab",,,,,,,,,,,,,,,,,,,,,,,,,,,,AI-GENERERT,SLÅSSKAMP,,,,,,,,,,,,,,,,,,,,,,,,,,,,
AI GENERATED,FIRE,AIFire,AI,AI-generated sounds that would otherwise belong in the UCS FIRE category.,"ai, aigen, aigenerated, genai, generated, generative, elevenlabs, suno, udio, stableaudio, audiogen, audiocraft, musicgen, fire, flame, flames, burning, burst, crackle, gas, ignite, sizzle, torch",,,,,,,,,,,,,,,,,,,,,,,,,,,,AI-GENERERT,ILD,,,,,,,,,,,,,,,,,,,,,,,,,,,,
AI GENERATED,FIREWORKS,AIFrwk,AI,AI-generated sounds that would otherwise belong in the UCS FIREWORKS category.,"ai, aigen, aigenerated, genai, generated, generative, elevenlabs, suno, udio, stableaudio, audiogen, audiocraft, musicgen, firework, fireworks, commercial, recreational",,,,,,,,,,,,,,,,,,,,,,,,,,,,AI-GENERERT,FYRVERKERI,,,,,,,,,,,,,,,,,,,,,,,,,,,,
AI GENERATED,FOLEY,AIFoly,AI,AI-generated sounds that would otherwise belong in the UCS FOLEY category.,"ai, aigen, aigenerated, genai, generated, generative, elevenlabs, suno, udio, stableaudio, audiogen, audiocraft, musicgen, foley, feet, hands, prop",,,,,,,,,,,,,,,,,,,,,,,,,,,,AI-GENERERT,FOLEY,,,,,,,,,,,,,,,,,,,,,,,,,,,,
AI GENERATED,FOOD & DRINK,AIFood,AI,AI-generated sounds that would otherwise belong in the UCS FOOD & DRINK category.,"ai, aigen, aigenerated, genai, generated, generative, elevenlabs, suno, udio, stableaudio, audiogen, audiocraft, musicgen, food, drink, cooking, drinking, eating, glassware, ingredients, kitchenware, pour, tableware",,,,,,,,,,,,,,,,,,,,,,,,,,,,AI-GENERERT,MAT OG DRIKKE,,,,,,,,,,,,,,,,,,,,,,,,,,,,
AI GENERATED,FOOTSTEPS,AIFeet,AI,AI-generated sounds that would otherwise belong in the UCS FOOTSTEPS category.,"ai, aigen, aigenerated, genai, generated, generative, elevenlabs, suno, udio, stableaudio, audiogen, audiocraft, musicgen, footstep, footsteps, horse",,,,,,,,,,,,,,,,,,,,,,,,,,,,AI-GENERERT,STEG,,,,,,,,,,,,,,,,,,,,,,,,,,,,
AI GENERATED,GAMES,AIGame,AI,AI-generated sounds that would otherwise belong in the UCS GAMES category.,"ai, aigen, aigenerated, genai, generated, generative, elevenlabs, suno, udio, stableaudio, audiogen, audiocraft, musicgen, game, games, arcade, board, casino, video",,,,,,,,,,,,,,,,,,,,,,,,,,,,AI-GENERERT,SPILL,,,,,,,,,,,,,,,,,,,,,,,,,,,,
AI GENERATED,GEOTHERMAL,AIGeo,AI,AI-generated sounds that would otherwise belong in the UCS GEOTHERMAL category.,"ai, aigen, aigenerated, genai, generated, generative, elevenlabs, suno, udio, stableaudio, audiogen, audiocraft, musicgen, geothermal, geyser, lava, fumarole, mud, pots",,,,,,,,,,,,,,,,,,,,,,,,,,,,AI-GENERERT,GEOTERMISK,,,,,,,,,,,,,,,,,,,,,,,,,,,,
AI GENERATED,GLASS,AIGlas,AI,AI-generated sounds that would otherwise belong in the UCS GLASS category.,"ai, aigen, aigenerated, genai, generated, generative, elevenlabs, suno, udio, stableaudio, audiogen, audiocraft, musicgen, glass",,,,,,,,,,,,,,,,,,,,,,,,,,,,AI-GENERERT,GLASS,,,,,,,,,,,,,,,,,,,,,,,,,,,,
AI GENERATED,GORE,AIGore,AI,AI-generated sounds that would otherwise belong in the UCS GORE category.,"ai, aigen, aigenerated, genai, generated, generative, elevenlabs, suno, udio, stableaudio, audiogen, audiocraft, musicgen, gore, blood, bone, burn, flesh, ooze, splat, squish, stab",,,,,,,,,,,,,,,,,,,,,,,,,,,,AI-GENERERT,GØRR,,,,,,,,,,,,,,,,,,,,,,,,,,,,
AI GENERATED,GUNS,AIGun,AI,AI-generated sounds that would otherwise belong in the UCS GUNS category.,"ai, aigen, aigenerated, genai, generated, generative, elevenlabs, suno, udio, stableaudio, audiogen, audiocraft, musicgen, gun, guns, gunshot, artillery, automatic, cannon, pistol, rifle, shotgun, suppressed",,,,,,,,,,,,,,,,,,,,,,,,,,,,AI-GENERERT,GUN,,,,,,,,,,,,,,,,,,,,,,,,,,,,
AI GENERATED,HORNS,AIHorn,AI,AI-generated sounds that would otherwise belong in the UCS HORNS category.,"ai, aigen, aigenerated, genai, generated, generative, elevenlabs, suno, udio, stableaudio, audiogen, audiocraft, musicgen, horn, powered, traditional",,,,,,,,,,,,,,,,,,,,,,,,,,,,AI-GENERERT,HORN,,,,,,,,,,,,,,,,,,,,,,,,,,,,
AI GENERATED,HUMAN,AIHmn,AI,AI-generated sounds that would otherwise belong in the UCS HUMAN category.,"ai, aigen, aigenerated, genai, generated, generative, elevenlabs, suno, udio, stableaudio, audiogen, audiocraft, musicgen, human, body, blow, breath, burp, cough, heartbeat, kiss, pee, skin, sneeze, sniff, snore, spit, vomit",,,,,,,,,,,,,,,,,,,,,,,,,,,,AI-GENERERT,MENNESKE,,,,,,,,,,,,,,,,,,,,,,,,,,,,
AI GENERATED,ICE,AIIce,AI,AI-generated sounds that would otherwise belong in the UCS ICE category.,"ai, aigen, aigenerated, genai, generated, generative, elevenlabs, suno, udio, stableaudio, audiogen, audiocraft, musicgen, ice",,,,,,,,,,,,,,,,,,,,,,,,,,,,AI-GENERERT,IS,,,,,,,,,,,,,,,,,,,,,,,,,,,,
AI GENERATED,LASERS,AILasr,AI,AI-generated sounds that would otherwise belong in the UCS LASERS category.,"ai, aigen, aigenerated, genai, generated, generative, elevenlabs, suno, udio, stableaudio, audiogen, audiocraft, musicgen, laser, lasers, beam, gun",,,,,,,,,,,,,,,,,,,,,,,,,,,,AI-GENERERT,LASER,,,,,,,,,,,,,,,,,,,,,,,,,,,,
AI GENERATED,LEATHER,AILethr,AI,AI-generated sounds that would otherwise belong in the UCS LEATHER category.,"ai, aigen, aigenerated, genai, generated, generative, elevenlabs, suno, udio, stableaudio, audiogen, audiocraft, musicgen, leather",,,,,,,,,,,,,,,,,,,,,,,,,,,,AI-GENERERT,LÆR,,,,,,,,,,,,,,,,,,,,,,,,,,,,
AI GENERATED,LIQUID & MUD,AILiq,AI,AI-generated sounds that would otherwise belong in the UCS LIQUID & MUD category.,"ai, aigen, aigenerated, genai, generated, generative, elevenlabs, suno, udio, stableaudio, audiogen, audiocraft, musicgen, liquid, mud, bubbles, suction",,,,,,,,,,,,,,,,,,,,,,,,,,,,AI-GENERERT,VÆSKER OG GJØRME,,,,,,,,,,,,,,,,,,,,,,,,,,,,
AI GENERATED,MACHINES,AIMach,AI,AI-generated sounds that would otherwise belong in the UCS MACHINES category.,"ai, aigen, aigenerated, genai, generated, generative, elevenlabs, suno, udio, stableaudio, audiogen, audiocraft, musicgen, machine, machines, amusement, elevator, escalator, fan, hvac, industrial, pump",,,,,,,,,,,,,,,,,,,,,,,,,,,,AI-GENERERT,MASKINER,,,,,,,,,,,,,,,,,,,,,,,,,,,,
AI GENERATED,MAGIC,AIMag,AI,AI-generated sounds that would otherwise belong in the UCS MAGIC category.,"ai, aigen, aigenerated, genai, generated, generative, elevenlabs, suno, udio, stableaudio, audiogen, audiocraft, musicgen, magic, spell, angelic, elemental, evil, poof, shimmer",,,,,,,,,,,,,,,,,,,,,,,,,,,,AI-GENERERT,MAGI,,,,,,,,,,,,,,,,,,,,,,,,,,,,
AI GENERATED,MECHANICAL,AIMech,AI,AI-generated sounds that would otherwise belong in the UCS MECHANICAL category.,"ai, aigen, aigenerated, genai, generated, generative, elevenlabs, suno, udio, stableaudio, audiogen, audiocraft, musicgen, mechanical, mechanism, click, gears, hydraulic, latch, lever, lock, pulley, ratchet, relay, roller, switch",,,,,,,,,,,,,,,,,,,,,,,,,,,,AI-GENERERT,MEKANISK,,,,,,,,,,,,,,,,,,,,,,,,,,,,
AI GENERATED,METAL,AIMetl,AI,AI-generated sounds that would otherwise belong in the UCS METAL category.,"ai, aigen, aigenerated, genai, generated, generative, elevenlabs, suno, udio, stableaudio, audiogen, audiocraft, musicgen, metal",,,,,,,,,,,,,,,,,,,,,,,,,,,,AI-GENERERT,METALL,,,,,,,,,,,,,,,,,,,,,,,,,,,,
AI GENERATED,MOTORS,AIMotr,AI,AI-generated sounds that would otherwise belong in the UCS MOTORS category.,"ai, aigen, aigenerated, genai, generated, generative, elevenlabs, suno, udio, stableaudio, audiogen, audiocraft, musicgen, motor, motors, engine, combustion, servo, turbine",,,,,,,,,,,,,,,,,,,,,,,,,,,,AI-GENERERT,MOTORER,,,,,,,,,,,,,,,,,,,,,,,,,,,,
AI GENERATED,MOVEMENT,AIMove,AI,AI-generated sounds that would otherwise belong in the UCS MOVEMENT category.,"ai, aigen, aigenerated, genai, generated, generative, elevenlabs, suno, udio, stableaudio, audiogen, audiocraft, musicgen, movement, activity, crowd, presence",,,,,,,,,,,,,,,,,,,,,,,,,,,,AI-GENERERT,BEVEGELSE,,,,,,,,,,,,,,,,,,,,,,,,,,,,
AI GENERATED,MUSICAL,AIMusc,AI,AI-generated sounds that would otherwise belong in the UCS MUSICAL category.,"ai, aigen, aigenerated, genai, generated, generative, elevenlabs, suno, udio, stableaudio, audiogen, audiocraft, musicgen, music, musical, song, songs, bells, brass, chime, choral, experimental, instrument, keyed, percussion, performance, phrase, plucked, sample, shaken, stinger, stringed, synthesized, toy, tuned, woodwind",,,,,,,,,,,,,,,,,,,,,,,,,,,,AI-GENERERT,MUSIKALSK,,,,,,,,,,,,,,,,,,,,,,,,,,,,
AI GENERATED,NATURAL DISASTER,AINatd,AI,AI-generated sounds that would otherwise belong in the UCS NATURAL DISASTER category.,"ai, aigen, aigenerated, genai, generated, generative, elevenlabs, suno, udio, stableaudio, audiogen, audiocraft, musicgen, disaster, earthquake, avalanche, tornado, tsunami, typhoon, volcano",,,,,,,,,,,,,,,,,,,,,,,,,,,,AI-GENERERT,NATURKATASTROFE,,,,,,,,,,,,,,,,,,,,,,,,,,,,
AI GENERATED,OBJECTS,AIObj,AI,AI-generated sounds that would otherwise belong in the UCS OBJECTS category.,"ai, aigen, aigenerated, genai, generated, generative, elevenlabs, suno, udio, stableaudio, audiogen, audiocraft, musicgen, object, objects, bag, book, coin, container, fashion, furniture, household, jewelry, keys, luggage, packaging, tape, umbrella, wheeled, writing, zipper",,,,,,,,,,,,,,,,,,,,,,,,,,,,AI-GENERERT,TING,,,,,,,,,,,,,,,,,,,,,,,,,,,,
AI GENERATED,PAPER,AIPapr,AI,AI-generated sounds that would otherwise belong in the UCS PAPER category.,"ai, aigen, aigenerated, genai, generated, generative, elevenlabs, suno, udio, stableaudio, audiogen, audiocraft, musicgen, paper, flutter, rip",,,,,,,,,,,,,,,,,,,,,,,,,,,,AI-GENERERT,PAPIR,,,,,,,,,,,,,,,,,,,,,,,,,,,,
AI GENERATED,PLASTIC,AIPlas,AI,AI-generated sounds that would otherwise belong in the UCS PLASTIC category.,"ai, aigen, aigenerated, genai, generated, generative, elevenlabs, suno, udio, stableaudio, audiogen, audiocraft, musicgen, plastic",,,,,,,,,,,,,,,,,,,,,,,,,,,,AI-GENERERT,PLAST,,,,,,,,,,,,,,,,,,,,,,,,,,,,
AI GENERATED,RAIN,AIRain,AI,AI-generated sounds that would otherwise belong in the UCS RAIN category.,"ai, aigen, aigenerated, genai, generated, generative, elevenlabs, suno, udio, stableaudio, audiogen, audiocraft, musicgen, rain, concrete, glass, vegetation, water",,,,,,,,,,,,,,,,,,,,,,,,,,,,AI-GENERERT,REGN,,,,,,,,,,,,,,,,,,,,,,,,,,,,
AI GENERATED,ROBOTS,AIRobt,AI,AI-generated sounds that would otherwise belong in the UCS ROBOTS category.,"ai, aigen, aigenerated, genai, generated, generative, elevenlabs, suno, udio, stableaudio, audiogen, audiocraft, musicgen, robot, robots",,,,,,,,,,,,,,,,,,,,,,,,,,,,AI-GENERERT,ROBOT,,,,,,,,,,,,,,,,,,,,,,,,,,,,
AI GENERATED,ROCKS,AIRock,AI,AI-generated sounds that would otherwise belong in the UCS ROCKS category.,"ai, aigen, aigenerated, genai, generated, generative, elevenlabs, suno, udio, stableaudio, audiogen, audiocraft, musicgen, rock, rocks, stone",,,,,,,,,,,,,,,,,,,,,,,,,,,,AI-GENERERT,STEIN,,,,,,,,,,,,,,,,,,,,,,,,,,,,
AI GENERATED,ROPE,AIRope,AI,AI-generated sounds that would otherwise belong in the UCS ROPE category.,"ai, aigen, aigenerated, genai, generated, generative, elevenlabs, suno, udio, stableaudio, audiogen, audiocraft, musicgen, rope",,,,,,,,,,,,,,,,,,,,,,,,,,,,AI-GENERERT,TAU,,,,,,,,,,,,,,,,,,,,,,,,,,,,
AI GENERATED,RUBBER,AIRubr,AI,AI-generated sounds that would otherwise belong in the UCS RUBBER category.,"ai, aigen, aigenerated, genai, generated, generative, elevenlabs, suno, udio, stableaudio, audiogen, audiocraft, musicgen, rubber",,,,,,,,,,,,,,,,,,,,,,,,,,,,AI-GENERERT,GUMMI,,,,,,,,,,,,,,,,,,,,,,,,,,,,
AI GENERATED,SCIFI,AISci,AI,AI-generated sounds that would otherwise belong in the UCS SCIFI category.,"ai, aigen, aigenerated, genai, generated, generative, elevenlabs, suno, udio, stableaudio, audiogen, audiocraft, musicgen, scifi, sci-fi, futuristic, alarm, computer, energy, machine, retro, spaceship, weapon",,,,,,,,,,,,,,,,,,,,,,,,,,,,AI-GENERERT,SCI-FI,,,,,,,,,,,,,,,,,,,,,,,,,,,,
AI GENERATED,SNOW,AISnow,AI,AI-generated sounds that would otherwise belong in the UCS SNOW category.,"ai, aigen, aigenerated, genai, generated, generative, elevenlabs, suno, udio, stableaudio, audiogen, audiocraft, musicgen, snow",,,,,,,,,,,,,,,,,,,,,,,,,,,,AI-GENERERT,SNØ,,,,,,,,,,,,,,,,,,,,,,,,,,,,
AI GENERATED,SPORTS,AISprt,AI,AI-generated sounds that would otherwise belong in the UCS SPORTS category.,"ai, aigen, aigenerated, genai, generated, generative, elevenlabs, suno, udio, stableaudio, audiogen, audiocraft, musicgen, sport, sports, court, field, indoor, skate, track, water, winter",,,,,,,,,,,,,,,,,,,,,,,,,,,,AI-GENERERT,IDRETT,,,,,,,,,,,,,,,,,,,,,,,,,,,,
AI GENERATED,SWOOSHES,AISwsh,AI,AI-generated sounds that would otherwise belong in the UCS SWOOSHES category.,"ai, aigen, aigenerated, genai, generated, generative, elevenlabs, suno, udio, stableaudio, audiogen, audiocraft, musicgen, swoosh, whoosh, swish",,,,,,,,,,,,,,,,,,,,,,,,,,,,AI-GENERERT,SVOSJER,,,,,,,,,,,,,,,,,,,,,,,,,,,,
AI GENERATED,TOOLS,AITool,AI,AI-generated sounds that would otherwise belong in the UCS TOOLS category.,"ai, aigen, aigenerated, genai, generated, generative, elevenlabs, suno, udio, stableaudio, audiogen, audiocraft, musicgen, tool, tools, hand, power",,,,,,,,,,,,,,,,,,,,,,,,,,,,AI-GENERERT,VERKTØY,,,,,,,,,,,,,,,,,,,,,,,,,,,,
AI GENERATED,TOYS,AIToy,AI,AI-generated sounds that would otherwise belong in the UCS TOYS category.,"ai, aigen, aigenerated, genai, generated, generative, elevenlabs, suno, udio, stableaudio, audiogen, audiocraft, musicgen, toy, toys, electronic, mechanical",,,,,,,,,,,,,,,,,,,,,,,,,,,,AI-GENERERT,LEKER,,,,,,,,,,,,,,,,,,,,,,,,,,,,
AI GENERATED,TRAINS,AITrn,AI,AI-generated sounds that would otherwise belong in the UCS TRAINS category.,"ai, aigen, aigenerated, genai, generated, generative, elevenlabs, suno, udio, stableaudio, audiogen, audiocraft, musicgen, train, trains, brake, clack, diesel, high, speed, subway, tram",,,,,,,,,,,,,,,,,,,,,,,,,,,,AI-GENERERT,TOG,,,,,,,,,,,,,,,,,,,,,,,,,,,,
AI GENERATED,USER INTERFACE,AIUi,AI,AI-generated sounds that would otherwise belong in the UCS USER INTERFACE category.,"ai, aigen, aigenerated, genai, generated, generative, elevenlabs, suno, udio, stableaudio, audiogen, audiocraft, musicgen, ui, interface, menu, alert, beep, click, data, glitch, motion",,,,,,,,,,,,,,,,,,,,,,,,,,,,AI-GENERERT,BRUKERGRENSESNITT,,,,,,,,,,,,,,,,,,,,,,,,,,,,
AI GENERATED,VEGETATION,AIVege,AI,AI-generated sounds that would otherwise belong in the UCS VEGETATION category.,"ai, aigen, aigenerated, genai, generated, generative, elevenlabs, suno, udio, stableaudio, audiogen, audiocraft, musicgen, vegetation, plant, plants, grass, leaves, tree",,,,,,,,,,,,,,,,,,,,,,,,,,,,AI-GENERERT,VEGETASJON,,,,,,,,,,,,,,,,,,,,,,,,,,,,
AI GENERATED,VEHICLES,AIVeh,AI,AI-generated sounds that would otherwise belong in the UCS VEHICLES category.,"ai, aigen, aigenerated, genai, generated, generative, elevenlabs, suno, udio, stableaudio, audiogen, audiocraft, musicgen, vehicle, vehicles, car, alarm, atv, bicycle, brake, bus, emergency, freight, generic, jalopy, motorcycle, racing, siren, skid, suspension, suv, tire, truck, utility, van, wagon, window",,,,,,,,,,,,,,,,,,,,,,,,,,,,AI-GENERERT,KJØRETØY,,,,,,,,,,,,,,,,,,,,,,,,,,,,
AI GENERATED,VOICES,AIVox,AI,AI-generated sounds that would otherwise belong in the UCS VOICES category.,"ai, aigen, aigenerated, genai, generated, generative, elevenlabs, suno, udio, stableaudio, audiogen, audiocraft, musicgen, voice, voices, alien, baby, cheer, child, crying, efforts, female, futzed, historical, laugh, male, scream, singing, whisper",,,,,,,,,,,,,,,,,,,,,,,,,,,,AI-GENERERT,STEMMER,,,,,,,,,,,,,,,,,,,,,,,,,,,,
AI GENERATED,WATER,AIWatr,AI,AI-generated sounds that would otherwise belong in the UCS WATER category.,"ai, aigen, aigenerated, genai, generated, generative, elevenlabs, suno, udio, stableaudio, audiogen, audiocraft, musicgen, water, bubbles, drain, drip, fizz, flow, fountain, lap, plumbing, pour, splash, spray, surf, waterfall, wave",,,,,,,,,,,,,,,,,,,,,,,,,,,,AI-GENERERT,VANN,,,,,,,,,,,,,,,,,,,,,,,,,,,,
AI GENERATED,WEAPONS,AIWeap,AI,AI-generated sounds that would otherwise belong in the UCS WEAPONS category.,"ai, aigen, aigenerated, genai, generated, generative, elevenlabs, suno, udio, stableaudio, audiogen, audiocraft, musicgen, weapon, weapons, armor, arrow, axe, blunt, bow, knife, polearm, siege, sword, whip",,,,,,,,,,,,,,,,,,,,,,,,,,,,AI-GENERERT,VÅPEN,,,,,,,,,,,,,,,,,,,,,,,,,,,,
AI GENERATED,WEATHER,AIWthr,AI,AI-generated sounds that would otherwise belong in the UCS WEATHER category.,"ai, aigen, aigenerated, genai, generated, generative, elevenlabs, suno, udio, stableaudio, audiogen, audiocraft, musicgen, weather, storm, thunder, hail",,,,,,,,,,,,,,,,,,,,,,,,,,,,AI-GENERERT,VÆR,,,,,,,,,,,,,,,,,,,,,,,,,,,,
AI GENERATED,WHISTLES,AIWhst,AI,AI-generated sounds that would otherwise belong in the UCS WHISTLES category.,"ai, aigen, aigenerated, genai, generated, generative, elevenlabs, suno, udio, stableaudio, audiogen, audiocraft, musicgen, whistle, whistles, mechanical",,,,,,,,,,,,,,,,,,,,,,,,,,,,AI-GENERERT,FLØYTE,,,,,,,,,,,,,,,,,,,,,,,,,,,,
AI GENERATED,WIND,AIWind,AI,AI-generated sounds that would otherwise belong in the UCS WIND category.,"ai, aigen, aigenerated, genai, generated, generative, elevenlabs, suno, udio, stableaudio, audiogen, audiocraft, musicgen, wind, gust, vegetation",,,,,,,,,,,,,,,,,,,,,,,,,,,,AI-GENERERT,VIND,,,,,,,,,,,,,,,,,,,,,,,,,,,,
AI GENERATED,WINDOWS,AIWndw,AI,AI-generated sounds that would otherwise belong in the UCS WINDOWS category.,"ai, aigen, aigenerated, genai, generated, generative, elevenlabs, suno, udio, stableaudio, audiogen, audiocraft, musicgen, window, windows, covering, hardware, knock",,,,,,,,,,,,,,,,,,,,,,,,,,,,AI-GENERERT,VINDU,,,,,,,,,,,,,,,,,,,,,,,,,,,,
AI GENERATED,WINGS,AIWing,AI,AI-generated sounds that would otherwise belong in the UCS WINGS category.,"ai, aigen, aigenerated, genai, generated, generative, elevenlabs, suno, udio, stableaudio, audiogen, audiocraft, musicgen, wing, wings, bird",,,,,,,,,,,,,,,,,,,,,,,,,,,,AI-GENERERT,VINGER,,,,,,,,,,,,,,,,,,,,,,,,,,,,
AI GENERATED,WOOD,AIWood,AI,AI-generated sounds that would otherwise belong in the UCS WOOD category.,"ai, aigen, aigenerated, genai, generated, generative, elevenlabs, suno, udio, stableaudio, audiogen, audiocraft, musicgen, wood, wooden",,,,,,,,,,,,,,,,,,,,,,,,,,,,AI-GENERERT,TRE,,,,,,,,,,,,,,,,,,,,,,,,,,,,
AI GENERATED,MISC,AIMisc,AI,AI-generated sounds not fitting another AI GENERATED subcategory.,"ai, aigen, aigenerated, genai, generated, generative, elevenlabs, suno, udio, stableaudio, audiogen, audiocraft, musicgen",,,,,,,,,,,,,,,,,,,,,,,,,,,,AI-GENERERT,DIVERSE,,,,,,,,,,,,,,,,,,,,,,,,,,,,
DRUMS,KICK,DRMKick,DRM,Kick drum one-shots.,"drum, drums, drumkit, drummachine, 808, 909, 707, 606, linndrum, kick, kicks, kik, kck, bd, bassdrum",,,,,,,,,,,,,,,,,,,,,,,,,,,,TROMMER,BASSTROMME,,,,,,,,,,,,,,,,,,,,,,,,,,,,
DRUMS,SNARE,DRMSnare,DRM,Snare drum one-shots.,"drum, drums, drumkit, drummachine, 808, 909, 707, 606, linndrum, snare, snares, snr, sd",,,,,,,,,,,,,,,,,,,,,,,,,,,,TROMMER,SKARPTROMME,,,,,,,,,,,,,,,,,,,,,,,,,,,,
DRUMS,CLAP,DRMClap,DRM,Claps and handclaps used as drum hits.,"drum, drums, drumkit, drummachine, 808, 909, 707, 606, linndrum, clap, claps, handclap, handclaps, clp",,,,,,,,,,,,,,,,,,,,,,,,,,,,TROMMER,KLAPP,,,,,,,,,,,,,,,,,,,,,,,,,,,,
DRUMS,SNAP,DRMSnap,DRM,Finger snaps used as drum hits.,"drum, drums, drumkit, drummachine, 808, 909, 707, 606, linndrum, snap, snaps, fingersnap, fingersnaps",,,,,,,,,,,,,,,,,,,,,,,,,,,,TROMMER,KNIPS,,,,,,,,,,,,,,,,,,,,,,,,,,,,
DRUMS,HIHAT,DRMHat,DRM,"Closed, open and pedal hi-hats.","drum, drums, drumkit, drummachine, 808, 909, 707, 606, linndrum, hihat, hihats, hi-hat, hi-hats, hat, hats, hh, chh, ohh, closedhat, openhat",,,,,,,,,,,,,,,,,,,,,,,,,,,,TROMMER,HIHAT,,,,,,,,,,,,,,,,,,,,,,,,,,,,
DRUMS,CYMBAL,DRMCymb,DRM,"Crash, ride, splash and china cymbals.","drum, drums, drumkit, drummachine, 808, 909, 707, 606, linndrum, cymbal, cymbals, cym, crash, crashes, ride, rides, splash, china",,,,,,,,,,,,,,,,,,,,,,,,,,,,TROMMER,CYMBAL,,,,,,,,,,,,,,,,,,,,,,,,,,,,
DRUMS,TOM,DRMTom,DRM,Rack and floor toms.,"drum, drums, drumkit, drummachine, 808, 909, 707, 606, linndrum, tom, toms, floortom, racktom",,,,,,,,,,,,,,,,,,,,,,,,,,,,TROMMER,TAMTAM,,,,,,,,,,,,,,,,,,,,,,,,,,,,
DRUMS,RIM,DRMRim,DRM,Rimshots and side sticks.,"drum, drums, drumkit, drummachine, 808, 909, 707, 606, linndrum, rim, rims, rimshot, rimshots, sidestick",,,,,,,,,,,,,,,,,,,,,,,,,,,,TROMMER,KANTSLAG,,,,,,,,,,,,,,,,,,,,,,,,,,,,
DRUMS,FILL,DRMFill,DRM,Drum fills and rolls.,"drum, drums, drumkit, drummachine, 808, 909, 707, 606, linndrum, fill, fills, roll, rolls",,,,,,,,,,,,,,,,,,,,,,,,,,,,TROMMER,FILL,,,,,,,,,,,,,,,,,,,,,,,,,,,,
DRUMS,BREAK,DRMBreak,DRM,"Breakbeats, typically sampled or vintage-sounding drum breaks.","drum, drums, drumkit, drummachine, 808, 909, 707, 606, linndrum, break, breaks, breakbeat, breakbeats, amen",,,,,,,,,,,,,,,,,,,,,,,,,,,,TROMMER,BREAK,,,,,,,,,,,,,,,,,,,,,,,,,,,,
DRUMS,LOOP,DRMLoop,DRM,Full drum loops and grooves.,"drum, drums, drumkit, drummachine, 808, 909, 707, 606, linndrum, loop, loops, beat, beats, groove, grooves",,,,,,,,,,,,,,,,,,,,,,,,,,,,TROMMER,LOOP,,,,,,,,,,,,,,,,,,,,,,,,,,,,
DRUMS,TOP LOOP,DRMTop,DRM,"Drum loops without kick, mainly hats, cymbals and percussion.","drum, drums, drumkit, drummachine, 808, 909, 707, 606, linndrum, top, tops, toploop, toploops",,,,,,,,,,,,,,,,,,,,,,,,,,,,TROMMER,TOPP-LOOP,,,,,,,,,,,,,,,,,,,,,,,,,,,,
DRUMS,MISC,DRMMisc,DRM,Drum sounds not fitting another DRUMS subcategory.,"drum, drums, drumkit, drummachine, 808, 909, 707, 606, linndrum, misc",,,,,,,,,,,,,,,,,,,,,,,,,,,,TROMMER,DIVERSE,,,,,,,,,,,,,,,,,,,,,,,,,,,,
PERCUSSION,HAND DRUM,PERCHand,PERC,"Hand-played drums: conga, bongo, djembe, cajon, tabla, darbuka, frame drum.","perc, percs, percussion, percussions, percussive, handdrum, conga, congas, bongo, bongos, djembe, djembes, cajon, tabla, darbuka, doumbek, framedrum, bodhran, udu, timbale, timbales",,,,,,,,,,,,,,,,,,,,,,,,,,,,PERKUSJON,HÅNDTROMME,,,,,,,,,,,,,,,,,,,,,,,,,,,,
PERCUSSION,SHAKER,PERCShak,PERC,"Shakers, maracas, cabasa and egg shakers.","perc, percs, percussion, percussions, percussive, shaker, shakers, maraca, maracas, cabasa, egg, eggshaker",,,,,,,,,,,,,,,,,,,,,,,,,,,,PERKUSJON,RISTER,,,,,,,,,,,,,,,,,,,,,,,,,,,,
PERCUSSION,TAMBOURINE,PERCTamb,PERC,Tambourines.,"perc, percs, percussion, percussions, percussive, tambourine, tambourines, tamborine, tamb, tambo",,,,,,,,,,,,,,,,,,,,,,,,,,,,PERKUSJON,TAMBURIN,,,,,,,,,,,,,,,,,,,,,,,,,,,,
PERCUSSION,COWBELL,PERCCowb,PERC,Cowbells and agogo bells.,"perc, percs, percussion, percussions, percussive, cowbell, cowbells, agogo",,,,,,,,,,,,,,,,,,,,,,,,,,,,PERKUSJON,KUBJELLE,,,,,,,,,,,,,,,,,,,,,,,,,,,,
PERCUSSION,BLOCK,PERCBlock,PERC,"Claves, woodblocks and temple blocks.","perc, percs, percussion, percussions, percussive, block, blocks, clave, claves, woodblock, woodblocks, templeblock",,,,,,,,,,,,,,,,,,,,,,,,,,,,PERKUSJON,BLOKK,,,,,,,,,,,,,,,,,,,,,,,,,,,,
PERCUSSION,SCRAPER,PERCScrp,PERC,"Guiro, washboard, vibraslap and other scraped percussion.","perc, percs, percussion, percussions, percussive, scraper, guiro, washboard, vibraslap",,,,,,,,,,,,,,,,,,,,,,,,,,,,PERKUSJON,SKRAPER,,,,,,,,,,,,,,,,,,,,,,,,,,,,
PERCUSSION,TRIANGLE,PERCTri,PERC,Triangles.,"perc, percs, percussion, percussions, percussive, triangle, triangles",,,,,,,,,,,,,,,,,,,,,,,,,,,,PERKUSJON,TRIANGEL,,,,,,,,,,,,,,,,,,,,,,,,,,,,
PERCUSSION,ORCHESTRAL,PERCOrch,PERC,"Orchestral percussion: timpani, concert bass drum, concert snare.","perc, percs, percussion, percussions, percussive, orchestral, timpani, timp, concert",,,,,,,,,,,,,,,,,,,,,,,,,,,,PERKUSJON,ORKESTER,,,,,,,,,,,,,,,,,,,,,,,,,,,,
PERCUSSION,ELECTRONIC,PERCElec,PERC,Synthesized or heavily processed percussion hits.,"perc, percs, percussion, percussions, percussive, electronic, digital, synthetic",,,,,,,,,,,,,,,,,,,,,,,,,,,,PERKUSJON,ELEKTRONISK,,,,,,,,,,,,,,,,,,,,,,,,,,,,
PERCUSSION,LOOP,PERCLoop,PERC,Percussion loops and grooves.,"perc, percs, percussion, percussions, percussive, loop, loops, groove, grooves",,,,,,,,,,,,,,,,,,,,,,,,,,,,PERKUSJON,LOOP,,,,,,,,,,,,,,,,,,,,,,,,,,,,
PERCUSSION,MISC,PERCMisc,PERC,Percussion not fitting another PERCUSSION subcategory.,"perc, percs, percussion, percussions, percussive, misc",,,,,,,,,,,,,,,,,,,,,,,,,,,,PERKUSJON,DIVERSE,,,,,,,,,,,,,,,,,,,,,,,,,,,,
TUNED PERCUSSION,MARIMBA,TPRCMarimba,TPRC,Marimbas.,"mallet, mallets, tuned, pitched, marimba, marimbas",,,,,,,,,,,,,,,,,,,,,,,,,,,,STEMT PERKUSJON,MARIMBA,,,,,,,,,,,,,,,,,,,,,,,,,,,,
TUNED PERCUSSION,XYLOPHONE,TPRCXylo,TPRC,Xylophones.,"mallet, mallets, tuned, pitched, xylophone, xylophones, xylo",,,,,,,,,,,,,,,,,,,,,,,,,,,,STEMT PERKUSJON,XYLOFON,,,,,,,,,,,,,,,,,,,,,,,,,,,,
TUNED PERCUSSION,VIBRAPHONE,TPRCVibe,TPRC,Vibraphones.,"mallet, mallets, tuned, pitched, vibraphone, vibraphones, vibes, vibe",,,,,,,,,,,,,,,,,,,,,,,,,,,,STEMT PERKUSJON,VIBRAFON,,,,,,,,,,,,,,,,,,,,,,,,,,,,
TUNED PERCUSSION,GLOCKENSPIEL,TPRCGlock,TPRC,Glockenspiel and bell lyra.,"mallet, mallets, tuned, pitched, glockenspiel, glock, glocken, lyra, bell-lyra, belllyra",,,,,,,,,,,,,,,,,,,,,,,,,,,,STEMT PERKUSJON,GLOCKENSPIEL,,,,,,,,,,,,,,,,,,,,,,,,,,,,
TUNED PERCUSSION,CELESTA,TPRCCelesta,TPRC,Celesta and music box.,"mallet, mallets, tuned, pitched, celesta, celeste, musicbox",,,,,,,,,,,,,,,,,,,,,,,,,,,,STEMT PERKUSJON,CELESTA,,,,,,,,,,,,,,,,,,,,,,,,,,,,
TUNED PERCUSSION,CHIMES,TPRCChime,TPRC,Tubular bells and orchestral chimes.,"mallet, mallets, tuned, pitched, chime, chimes, tubular, tubularbells",,,,,,,,,,,,,,,,,,,,,,,,,,,,STEMT PERKUSJON,RØRKLOKKER,,,,,,,,,,,,,,,,,,,,,,,,,,,,
TUNED PERCUSSION,BELLS,TPRCBell,TPRC,"Pitched bells used musically: handbells, crotales.","mallet, mallets, tuned, pitched, bell, bells, handbell, handbells, crotale, crotales",,,,,,,,,,,,,,,,,,,,,,,,,,,,STEMT PERKUSJON,KLOKKER,,,,,,,,,,,,,,,,,,,,,,,,,,,,
TUNED PERCUSSION,GONG,TPRCGong,TPRC,Gongs and tam-tams.,"mallet, mallets, tuned, pitched, gong, gongs, tamtam, tam-tam",,,,,,,,,,,,,,,,,,,,,,,,,,,,STEMT PERKUSJON,GONG,,,,,,,,,,,,,,,,,,,,,,,,,,,,
TUNED PERCUSSION,KALIMBA,TPRCKalimba,TPRC,"Kalimba, mbira and other thumb pianos.","mallet, mallets, tuned, pitched, kalimba, kalimbas, mbira, thumbpiano",,,,,,,,,,,,,,,,,,,,,,,,,,,,STEMT PERKUSJON,KALIMBA,,,,,,,,,,,,,,,,,,,,,,,,,,,,
TUNED PERCUSSION,STEEL DRUM,TPRCSteel,TPRC,"Steel pans, handpans and tongue drums.","mallet, mallets, tuned, pitched, steeldrum, steelpan, handpan, hang, tonguedrum",,,,,,,,,,,,,,,,,,,,,,,,,,,,STEMT PERKUSJON,STÅLTROMME,,,,,,,,,,,,,,,,,,,,,,,,,,,,
TUNED PERCUSSION,MISC,TPRCMisc,TPRC,Tuned percussion not fitting another subcategory.,"mallet, mallets, tuned, pitched, misc",,,,,,,,,,,,,,,,,,,,,,,,,,,,STEMT PERKUSJON,DIVERSE,,,,,,,,,,,,,,,,,,,,,,,,,,,,
KEYS,PIANO,KEYSPiano,KEYS,Acoustic grand and upright pianos.,"keys, piano, pianos, pno, grand, upright, grandpiano",,,,,,,,,,,,,,,,,,,,,,,,,,,,TANGENTER,PIANO,,,,,,,,,,,,,,,,,,,,,,,,,,,,
KEYS,ELECTRIC PIANO,KEYSEpiano,KEYS,"Rhodes, Wurlitzer and other electric pianos.","keys, electric, piano, epiano, ep, rhodes, wurli, wurlitzer, dx7",,,,,,,,,,,,,,,,,,,,,,,,,,,,TANGENTER,EL-PIANO,,,,,,,,,,,,,,,,,,,,,,,,,,,,
KEYS,ORGAN,KEYSOrgan,KEYS,"Hammond, church/pipe and combo organs.","keys, organ, organs, hammond, b3, leslie, pipeorgan, farfisa",,,,,,,,,,,,,,,,,,,,,,,,,,,,TANGENTER,ORGEL,,,,,,,,,,,,,,,,,,,,,,,,,,,,
KEYS,CLAVINET,KEYSClav,KEYS,Clavinets.,"keys, clav, clavinet, clavinets",,,,,,,,,,,,,,,,,,,,,,,,,,,,TANGENTER,CLAVINET,,,,,,,,,,,,,,,,,,,,,,,,,,,,
KEYS,HARPSICHORD,KEYSHarpsi,KEYS,Harpsichords.,"keys, harpsichord, harpsichords, cembalo",,,,,,,,,,,,,,,,,,,,,,,,,,,,TANGENTER,CEMBALO,,,,,,,,,,,,,,,,,,,,,,,,,,,,
KEYS,MISC,KEYSMisc,KEYS,"Keyboard instruments not fitting another KEYS subcategory (mellotron, toy piano).","keys, misc, mellotron, chamberlin, toypiano",,,,,,,,,,,,,,,,,,,,,,,,,,,,TANGENTER,DIVERSE,,,,,,,,,,,,,,,,,,,,,,,,,,,,
SYNTH,LEAD,SYNTHLead,SYNTH,Monophonic or solo synth melodies.,"synth, synths, synthesizer, synthesiser, analog, analogue, modular, polysynth, monosynth, moog, juno, prophet, serum, lead, leads, solo",,,,,,,,,,,,,,,,,,,,,,,,,,,,SYNTH,LEAD,,,,,,,,,,,,,,,,,,,,,,,,,,,,
SYNTH,PAD,SYNTHPad,SYNTH,Sustained synth pads.,"synth, synths, synthesizer, synthesiser, analog, analogue, modular, polysynth, monosynth, moog, juno, prophet, serum, pad, pads",,,,,,,,,,,,,,,,,,,,,,,,,,,,SYNTH,PAD,,,,,,,,,,,,,,,,,,,,,,,,,,,,
SYNTH,PLUCK,SYNTHPluck,SYNTH,Short plucked synth notes.,"synth, synths, synthesizer, synthesiser, analog, analogue, modular, polysynth, monosynth, moog, juno, prophet, serum, pluck, plucks, plk",,,,,,,,,,,,,,,,,,,,,,,,,,,,SYNTH,PLUKK,,,,,,,,,,,,,,,,,,,,,,,,,,,,
SYNTH,ARP,SYNTHArp,SYNTH,Arpeggios and step sequences.,"synth, synths, synthesizer, synthesiser, analog, analogue, modular, polysynth, monosynth, moog, juno, prophet, serum, arp, arps, arpeggio, arpeggios, arpeggiated, sequence, sequenced, seq",,,,,,,,,,,,,,,,,,,,,,,,,,,,SYNTH,ARPEGGIO,,,,,,,,,,,,,,,,,,,,,,,,,,,,
SYNTH,CHORD,SYNTHChord,SYNTH,Synth chords and chord progressions.,"synth, synths, synthesizer, synthesiser, analog, analogue, modular, polysynth, monosynth, moog, juno, prophet, serum, chord, chords",,,,,,,,,,,,,,,,,,,,,,,,,,,,SYNTH,AKKORD,,,,,,,,,,,,,,,,,,,,,,,,,,,,
SYNTH,STAB,SYNTHStab,SYNTH,Short synth stabs and rave hits.,"synth, synths, synthesizer, synthesiser, analog, analogue, modular, polysynth, monosynth, moog, juno, prophet, serum, stab, stabs, rave",,,,,,,,,,,,,,,,,,,,,,,,,,,,SYNTH,STAB,,,,,,,,,,,,,,,,,,,,,,,,,,,,
SYNTH,DRONE,SYNTHDrone,SYNTH,Long evolving synth drones.,"synth, synths, synthesizer, synthesiser, analog, analogue, modular, polysynth, monosynth, moog, juno, prophet, serum, drone, drones, evolving, soundscape",,,,,,,,,,,,,,,,,,,,,,,,,,,,SYNTH,DRONE,,,,,,,,,,,,,,,,,,,,,,,,,,,,
SYNTH,MISC,SYNTHMisc,SYNTH,Synth sounds not fitting another SYNTH subcategory.,"synth, synths, synthesizer, synthesiser, analog, analogue, modular, polysynth, monosynth, moog, juno, prophet, serum, misc",,,,,,,,,,,,,,,,,,,,,,,,,,,,SYNTH,DIVERSE,,,,,,,,,,,,,,,,,,,,,,,,,,,,
BASS,SYNTH,BASSSynth,BASS,Synthesized bass.,"bass, basses, bassline, basslines, riff, riffs, synth, synthbass",,,,,,,,,,,,,,,,,,,,,,,,,,,,BASS,SYNTH,,,,,,,,,,,,,,,,,,,,,,,,,,,,
BASS,808,BASS808,BASS,Tuned 808-style kick basses.,"bass, basses, bassline, basslines, riff, riffs, 808, 808s",,,,,,,,,,,,,,,,,,,,,,,,,,,,BASS,808,,,,,,,,,,,,,,,,,,,,,,,,,,,,
BASS,SUB,BASSSub,BASS,Pure sub bass.,"bass, basses, bassline, basslines, riff, riffs, sub, subs, subbass",,,,,,,,,,,,,,,,,,,,,,,,,,,,BASS,SUB,,,,,,,,,,,,,,,,,,,,,,,,,,,,
BASS,ELECTRIC,BASSElec,BASS,Electric bass guitar.,"bass, basses, bassline, basslines, riff, riffs, electric, fingered, picked, slap, fretless, ebass, jazzbass, pbass",,,,,,,,,,,,,,,,,,,,,,,,,,,,BASS,ELEKTRISK,,,,,,,,,,,,,,,,,,,,,,,,,,,,
BASS,UPRIGHT,BASSUpright,BASS,Upright / double bass played in pop or jazz context.,"bass, basses, bassline, basslines, riff, riffs, upright, acoustic, doublebass, standup",,,,,,,,,,,,,,,,,,,,,,,,,,,,BASS,KONTRABASS,,,,,,,,,,,,,,,,,,,,,,,,,,,,
BASS,GROWL,BASSGrowl,BASS,"Wobble, reese, growl and neuro basses.","bass, basses, bassline, basslines, riff, riffs, growl, growls, wobble, wobbles, reese, neuro, wub, wubs, midbass",,,,,,,,,,,,,,,,,,,,,,,,,,,,BASS,GROWL,,,,,,,,,,,,,,,,,,,,,,,,,,,,
BASS,MISC,BASSMisc,BASS,Bass sounds not fitting another BASS subcategory.,"bass, basses, bassline, basslines, riff, riffs, misc",,,,,,,,,,,,,,,,,,,,,,,,,,,,BASS,DIVERSE,,,,,,,,,,,,,,,,,,,,,,,,,,,,
GUITAR,ELECTRIC,GITRElec,GITR,Clean or lightly driven electric guitar.,"guitar, guitars, gtr, riff, riffs, electric, clean, strat, stratocaster, telecaster, tele, lespaul",,,,,,,,,,,,,,,,,,,,,,,,,,,,GITAR,ELEKTRISK,,,,,,,,,,,,,,,,,,,,,,,,,,,,
GUITAR,DISTORTED,GITRDist,GITR,"Overdriven, distorted and high-gain guitar.","guitar, guitars, gtr, riff, riffs, distorted, distortion, dist, overdrive, overdriven, crunch, fuzz, highgain, chug, chugs, powerchord",,,,,,,,,,,,,,,,,,,,,,,,,,,,GITAR,FORVRENGT,,,,,,,,,,,,,,,,,,,,,,,,,,,,
GUITAR,ACOUSTIC,GITRAco,GITR,Steel-string acoustic guitar.,"guitar, guitars, gtr, riff, riffs, acoustic, steelstring, strum, strums, strumming",,,,,,,,,,,,,,,,,,,,,,,,,,,,GITAR,AKUSTISK,,,,,,,,,,,,,,,,,,,,,,,,,,,,
GUITAR,NYLON,GITRNylon,GITR,"Nylon-string, classical and flamenco guitar.","guitar, guitars, gtr, riff, riffs, nylon, classical, spanish, flamenco",,,,,,,,,,,,,,,,,,,,,,,,,,,,GITAR,NYLON,,,,,,,,,,,,,,,,,,,,,,,,,,,,
GUITAR,SLIDE,GITRSlide,GITR,"Slide, lap steel, pedal steel and resonator guitar.","guitar, guitars, gtr, riff, riffs, slide, lapsteel, pedalsteel, dobro, resonator, bottleneck",,,,,,,,,,,,,,,,,,,,,,,,,,,,GITAR,SLIDE,,,,,,,,,,,,,,,,,,,,,,,,,,,,
GUITAR,BANJO,GITRBanjo,GITR,Banjos.,"guitar, guitars, gtr, riff, riffs, banjo, banjos",,,,,,,,,,,,,,,,,,,,,,,,,,,,GITAR,BANJO,,,,,,,,,,,,,,,,,,,,,,,,,,,,
GUITAR,UKULELE,GITRUke,GITR,Ukuleles.,"guitar, guitars, gtr, riff, riffs, ukulele, ukuleles, uke",,,,,,,,,,,,,,,,,,,,,,,,,,,,GITAR,UKULELE,,,,,,,,,,,,,,,,,,,,,,,,,,,,
GUITAR,MANDOLIN,GITRMando,GITR,Mandolins.,"guitar, guitars, gtr, riff, riffs, mandolin, mandolins, mando",,,,,,,,,,,,,,,,,,,,,,,,,,,,GITAR,MANDOLIN,,,,,,,,,,,,,,,,,,,,,,,,,,,,
GUITAR,MISC,GITRMisc,GITR,Guitar sounds not fitting another GUITAR subcategory.,"guitar, guitars, gtr, riff, riffs, misc",,,,,,,,,,,,,,,,,,,,,,,,,,,,GITAR,DIVERSE,,,,,,,,,,,,,,,,,,,,,,,,,,,,
STRINGS,VIOLIN,STRViolin,STR,Violins and fiddles.,"strings, string, bowed, arco, pizz, pizzicato, spiccato, tremolo, violin, violins, vln, fiddle, fiddles",,,,,,,,,,,,,,,,,,,,,,,,,,,,STRYKERE,FIOLIN,,,,,,,,,,,,,,,,,,,,,,,,,,,,
STRINGS,VIOLA,STRViola,STR,Violas.,"strings, string, bowed, arco, pizz, pizzicato, spiccato, tremolo, viola, violas, vla",,,,,,,,,,,,,,,,,,,,,,,,,,,,STRYKERE,BRATSJ,,,,,,,,,,,,,,,,,,,,,,,,,,,,
STRINGS,CELLO,STRCello,STR,Cellos.,"strings, string, bowed, arco, pizz, pizzicato, spiccato, tremolo, cello, cellos, violoncello",,,,,,,,,,,,,,,,,,,,,,,,,,,,STRYKERE,CELLO,,,,,,,,,,,,,,,,,,,,,,,,,,,,
STRINGS,CONTRABASS,STRCbass,STR,Orchestral contrabass / double bass.,"strings, string, bowed, arco, pizz, pizzicato, spiccato, tremolo, contrabass, contrabasses, doublebass, kontrabass",,,,,,,,,,,,,,,,,,,,,,,,,,,,STRYKERE,KONTRABASS,,,,,,,,,,,,,,,,,,,,,,,,,,,,
STRINGS,HARP,STRHarp,STR,Concert and folk harps.,"strings, string, bowed, arco, pizz, pizzicato, spiccato, tremolo, harp, harps, glissando",,,,,,,,,,,,,,,,,,,,,,,,,,,,STRYKERE,HARPE,,,,,,,,,,,,,,,,,,,,,,,,,,,,
STRINGS,ENSEMBLE,STREns,STR,"String sections, quartets and ensembles.","strings, string, bowed, arco, pizz, pizzicato, spiccato, tremolo, ensemble, section, quartet, tutti",,,,,,,,,,,,,,,,,,,,,,,,,,,,STRYKERE,ENSEMBLE,,,,,,,,,,,,,,,,,,,,,,,,,,,,
STRINGS,MISC,STRMisc,STR,String sounds not fitting another STRINGS subcategory.,"strings, string, bowed, arco, pizz, pizzicato, spiccato, tremolo, misc",,,,,,,,,,,,,,,,,,,,,,,,,,,,STRYKERE,DIVERSE,,,,,,,,,,,,,,,,,,,,,,,,,,,,
BRASS,TRUMPET,BRASTrumpet,BRAS,"Trumpets, cornets and flugelhorns.","brass, horns, trumpet, trumpets, tpt, cornet, flugelhorn, flugel",,,,,,,,,,,,,,,,,,,,,,,,,,,,MESSING,TROMPET,,,,,,,,,,,,,,,,,,,,,,,,,,,,
BRASS,TROMBONE,BRASTrombone,BRAS,Trombones.,"brass, horns, trombone, trombones, tbn",,,,,,,,,,,,,,,,,,,,,,,,,,,,MESSING,TROMBONE,,,,,,,,,,,,,,,,,,,,,,,,,,,,
BRASS,FRENCH HORN,BRASFrhorn,BRAS,French horns.,"brass, horns, frenchhorn, horn",,,,,,,,,,,,,,,,,,,,,,,,,,,,MESSING,VALTHORN,,,,,,,,,,,,,,,,,,,,,,,,,,,,
BRASS,TUBA,BRASTuba,BRAS,"Tubas, euphoniums and sousaphones.","brass, horns, tuba, tubas, euphonium, sousaphone",,,,,,,,,,,,,,,,,,,,,,,,,,,,MESSING,TUBA,,,,,,,,,,,,,,,,,,,,,,,,,,,,
BRASS,ENSEMBLE,BRASEns,BRAS,"Brass sections, ensembles and brass stabs.","brass, horns, ensemble, section, stab, stabs",,,,,,,,,,,,,,,,,,,,,,,,,,,,MESSING,ENSEMBLE,,,,,,,,,,,,,,,,,,,,,,,,,,,,
BRASS,MISC,BRASMisc,BRAS,Brass sounds not fitting another BRASS subcategory.,"brass, horns, misc",,,,,,,,,,,,,,,,,,,,,,,,,,,,MESSING,DIVERSE,,,,,,,,,,,,,,,,,,,,,,,,,,,,
WOODWINDS,FLUTE,WWNDFlute,WWND,"Flutes, piccolos and fifes.","woodwind, woodwinds, flute, flutes, piccolo, fife",,,,,,,,,,,,,,,,,,,,,,,,,,,,TREBLÅSERE,FLØYTE,,,,,,,,,,,,,,,,,,,,,,,,,,,,
WOODWINDS,CLARINET,WWNDClarinet,WWND,Clarinets and bass clarinets.,"woodwind, woodwinds, clarinet, clarinets, clar, bassclarinet",,,,,,,,,,,,,,,,,,,,,,,,,,,,TREBLÅSERE,KLARINETT,,,,,,,,,,,,,,,,,,,,,,,,,,,,
WOODWINDS,OBOE,WWNDOboe,WWND,Oboes and cor anglais.,"woodwind, woodwinds, oboe, oboes, englishhorn, coranglais",,,,,,,,,,,,,,,,,,,,,,,,,,,,TREBLÅSERE,OBO,,,,,,,,,,,,,,,,,,,,,,,,,,,,
WOODWINDS,BASSOON,WWNDBassoon,WWND,Bassoons and contrabassoons.,"woodwind, woodwinds, bassoon, bassoons, contrabassoon, fagott",,,,,,,,,,,,,,,,,,,,,,,,,,,,TREBLÅSERE,FAGOTT,,,,,,,,,,,,,,,,,,,,,,,,,,,,
WOODWINDS,SAXOPHONE,WWNDSax,WWND,Saxophones.,"woodwind, woodwinds, sax, saxes, saxophone, saxophones, altosax, tenorsax, barisax",,,,,,,,,,,,,,,,,,,,,,,,,,,,TREBLÅSERE,SAKSOFON,,,,,,,,,,,,,,,,,,,,,,,,,,,,
WOODWINDS,FREE REED,WWNDReed,WWND,"Harmonica, accordion, melodica and other free-reed instruments.","woodwind, woodwinds, harmonica, accordion, melodica, concertina, bandoneon, harmonium",,,,,,,,,,,,,,,,,,,,,,,,,,,,TREBLÅSERE,FRITT RØRBLAD,,,,,,,,,,,,,,,,,,,,,,,,,,,,
WOODWINDS,ENSEMBLE,WWNDEns,WWND,Woodwind sections and ensembles.,"woodwind, woodwinds, ensemble, section",,,,,,,,,,,,,,,,,,,,,,,,,,,,TREBLÅSERE,ENSEMBLE,,,,,,,,,,,,,,,,,,,,,,,,,,,,
WOODWINDS,MISC,WWNDMisc,WWND,Woodwind sounds not fitting another WOODWINDS subcategory.,"woodwind, woodwinds, misc",,,,,,,,,,,,,,,,,,,,,,,,,,,,TREBLÅSERE,DIVERSE,,,,,,,,,,,,,,,,,,,,,,,,,,,,
ORCHESTRA,ENSEMBLE,ORCHEns,ORCH,Full orchestra and tutti passages.,"orchestra, orchestral, orch, symphonic, cinematic, ensemble, tutti, full",,,,,,,,,,,,,,,,,,,,,,,,,,,,ORKESTER,ENSEMBLE,,,,,,,,,,,,,,,,,,,,,,,,,,,,
ORCHESTRA,HIT,ORCHHit,ORCH,Orchestra hits and stabs.,"orchestra, orchestral, orch, symphonic, cinematic, hit, hits, stab, stabs",,,,,,,,,,,,,,,,,,,,,,,,,,,,ORKESTER,TREFF,,,,,,,,,,,,,,,,,,,,,,,,,,,,
ORCHESTRA,MISC,ORCHMisc,ORCH,Orchestral material not fitting another ORCHESTRA subcategory.,"orchestra, orchestral, orch, symphonic, cinematic, misc",,,,,,,,,,,,,,,,,,,,,,,,,,,,ORKESTER,DIVERSE,,,,,,,,,,,,,,,,,,,,,,,,,,,,
VOCALS,LEAD,VOCLLead,VOCL,Lead vocals and acapellas.,"vocal, vocals, vox, singer, lead, acapella, acappella, acapellas, sung",,,,,,,,,,,,,,,,,,,,,,,,,,,,VOKAL,LEAD,,,,,,,,,,,,,,,,,,,,,,,,,,,,
VOCALS,PHRASE,VOCLPhrase,VOCL,"Sung phrases, hooks and lyric lines.","vocal, vocals, vox, singer, phrase, phrases, hook, hooks, lyric, lyrics",,,,,,,,,,,,,,,,,,,,,,,,,,,,VOKAL,FRASE,,,,,,,,,,,,,,,,,,,,,,,,,,,,
VOCALS,RAP,VOCLRap,VOCL,"Rap verses, bars and MC vocals.","vocal, vocals, vox, singer, rap, raps, verse, verses, bars, mc",,,,,,,,,,,,,,,,,,,,,,,,,,,,VOKAL,RAP,,,,,,,,,,,,,,,,,,,,,,,,,,,,
VOCALS,CHOP,VOCLChop,VOCL,"Chopped, sliced and stuttered vocals.","vocal, vocals, vox, singer, chop, chops, chopped, slice, slices, sliced, stutter",,,,,,,,,,,,,,,,,,,,,,,,,,,,VOKAL,CHOP,,,,,,,,,,,,,,,,,,,,,,,,,,,,
VOCALS,ADLIB,VOCLAdlib,VOCL,Ad-libs and short vocal interjections.,"vocal, vocals, vox, singer, adlib, adlibs, ad-lib, ad-libs",,,,,,,,,,,,,,,,,,,,,,,,,,,,VOKAL,ADLIB,,,,,,,,,,,,,,,,,,,,,,,,,,,,
VOCALS,SHOUT,VOCLShout,VOCL,"Shouts, yells and chants used musically.","vocal, vocals, vox, singer, shout, shouts, yell, yells, hey, chant, chants",,,,,,,,,,,,,,,,,,,,,,,,,,,,VOKAL,ROP,,,,,,,,,,,,,,,,,,,,,,,,,,,,
VOCALS,CHOIR,VOCLChoir,VOCL,Choirs and choral vocals.,"vocal, vocals, vox, singer, choir, choirs, choral",,,,,,,,,,,,,,,,,,,,,,,,,,,,VOKAL,KOR,,,,,,,,,,,,,,,,,,,,,,,,,,,,
VOCALS,BACKING,VOCLBacking,VOCL,"Backing vocals, harmonies, doubles and stacks.","vocal, vocals, vox, singer, backing, bv, bvs, harmony, harmonies, double, doubles, stack, stacks",,,,,,,,,,,,,,,,,,,,,,,,,,,,VOKAL,KOR-/BAKGRUNNSVOKAL,,,,,,,,,,,,,,,,,,,,,,,,,,,,
VOCALS,SPOKEN,VOCLSpoken,VOCL,Spoken word over music.,"vocal, vocals, vox, singer, spoken, spokenword, speech, talk",,,,,,,,,,,,,,,,,,,,,,,,,,,,VOKAL,TALE,,,,,,,,,,,,,,,,,,,,,,,,,,,,
VOCALS,PROCESSED,VOCLProc,VOCL,"Vocoder, talkbox, autotune and heavily processed vocals.","vocal, vocals, vox, singer, processed, vocoder, vocoded, talkbox, autotune, autotuned, formant",,,,,,,,,,,,,,,,,,,,,,,,,,,,VOKAL,BEHANDLET,,,,,,,,,,,,,,,,,,,,,,,,,,,,
VOCALS,BREATH,VOCLBreath,VOCL,Breaths and whispers used musically.,"vocal, vocals, vox, singer, breath, breaths, whisper, whispers, whispered, inhale, exhale",,,,,,,,,,,,,,,,,,,,,,,,,,,,VOKAL,PUST,,,,,,,,,,,,,,,,,,,,,,,,,,,,
VOCALS,MISC,VOCLMisc,VOCL,Vocals not fitting another VOCALS subcategory.,"vocal, vocals, vox, singer, misc",,,,,,,,,,,,,,,,,,,,,,,,,,,,VOKAL,DIVERSE,,,,,,,,,,,,,,,,,,,,,,,,,,,,
WORLD,PLUCKED,WRLDPluck,WRLD,"Plucked world instruments: sitar, oud, koto, bouzouki, kora.","world, folk, sitar, oud, koto, shamisen, guzheng, pipa, bouzouki, balalaika, saz, kora, charango, dulcimer, santur, kantele, lute",,,,,,,,,,,,,,,,,,,,,,,,,,,,VERDENSMUSIKK,KLIMPRET,,,,,,,,,,,,,,,,,,,,,,,,,,,,
WORLD,BOWED,WRLDBowed,WRLD,"Bowed world instruments: erhu, sarangi, Hardanger fiddle, nyckelharpa.","world, folk, erhu, sarangi, kemenche, nyckelharpa, hardingfele, hardanger, rebab, igil",,,,,,,,,,,,,,,,,,,,,,,,,,,,VERDENSMUSIKK,STRØKET,,,,,,,,,,,,,,,,,,,,,,,,,,,,
WORLD,WIND,WRLDWind,WRLD,"World wind instruments: shakuhachi, duduk, ney, didgeridoo, bagpipes.","world, folk, shakuhachi, duduk, ney, didgeridoo, didge, panflute, panpipes, bagpipe, bagpipes, bansuri, ocarina, tinwhistle, zurna, hulusi, quena, seljefloyte",,,,,,,,,,,,,,,,,,,,,,,,,,,,VERDENSMUSIKK,BLÅS,,,,,,,,,,,,,,,,,,,,,,,,,,,,
WORLD,PERCUSSION,WRLDPerc,WRLD,"World percussion: taiko, gamelan, dhol, surdo, berimbau.","world, folk, taiko, gamelan, dhol, dholak, surdo, berimbau, kanjira, ghatam",,,,,,,,,,,,,,,,,,,,,,,,,,,,VERDENSMUSIKK,PERKUSJON,,,,,,,,,,,,,,,,,,,,,,,,,,,,
WORLD,VOCAL,WRLDVocal,WRLD,"Traditional vocal styles: joik, kulning, throat and overtone singing.","world, folk, joik, yoik, kulning, throat, overtone, mantra",,,,,,,,,,,,,,,,,,,,,,,,,,,,VERDENSMUSIKK,VOKAL,,,,,,,,,,,,,,,,,,,,,,,,,,,,
WORLD,MISC,WRLDMisc,WRLD,World music not fitting another WORLD subcategory.,"world, folk, misc",,,,,,,,,,,,,,,,,,,,,,,,,,,,VERDENSMUSIKK,DIVERSE,,,,,,,,,,,,,,,,,,,,,,,,,,,,
SAMPLE,LOOP,SMPLLoop,SMPL,Melodic and musical loops meant for sampling.,"sample, samples, sampled, flip, loop, loops, melodic, melody, melodies, musicloop",,,,,,,,,,,,,,,,,,,,,,,,,,,,SAMPLE,LOOP,,,,,,,,,,,,,,,,,,,,,,,,,,,,
SAMPLE,CHOP,SMPLChop,SMPL,Chopped and sliced sample material.,"sample, samples, sampled, flip, chop, chops, chopped, slice, slices, sliced",,,,,,,,,,,,,,,,,,,,,,,,,,,,SAMPLE,CHOP,,,,,,,,,,,,,,,,,,,,,,,,,,,,
SAMPLE,VINYL,SMPLVinyl,SMPL,"Vinyl-sourced, lo-fi and dusty samples.","sample, samples, sampled, flip, vinyl, lofi, lo-fi, dusty, soul, oldschool",,,,,,,,,,,,,,,,,,,,,,,,,,,,SAMPLE,VINYL,,,,,,,,,,,,,,,,,,,,,,,,,,,,
SAMPLE,FOUND SOUND,SMPLFound,SMPL,Raw source recordings meant to be turned into instruments.,"sample, samples, sampled, flip, found, foundsound, source, raw",,,,,,,,,,,,,,,,,,,,,,,,,,,,SAMPLE,FUNNET LYD,,,,,,,,,,,,,,,,,,,,,,,,,,,,
SAMPLE,MISC,SMPLMisc,SMPL,Samples not fitting another SAMPLE subcategory.,"sample, samples, sampled, flip, misc",,,,,,,,,,,,,,,,,,,,,,,,,,,,SAMPLE,DIVERSE,,,,,,,,,,,,,,,,,,,,,,,,,,,,
FX,RISER,FXRiser,FX,"Risers, uplifters and build-ups.","fx, transition, transitions, riser, risers, rise, uplifter, uplifters, buildup, upsweep",,,,,,,,,,,,,,,,,,,,,,,,,,,,EFFEKTER,RISER,,,,,,,,,,,,,,,,,,,,,,,,,,,,
FX,DOWNLIFTER,FXDown,FX,Downlifters and falling sweeps.,"fx, transition, transitions, downlifter, downlifters, downer, fall, downsweep",,,,,,,,,,,,,,,,,,,,,,,,,,,,EFFEKTER,NEDTREKK,,,,,,,,,,,,,,,,,,,,,,,,,,,,
FX,SWEEP,FXSweep,FX,Filter and noise sweeps.,"fx, transition, transitions, sweep, sweeps",,,,,,,,,,,,,,,,,,,,,,,,,,,,EFFEKTER,SVEIP,,,,,,,,,,,,,,,,,,,,,,,,,,,,
FX,IMPACT,FXImpact,FX,"Musical impacts, booms and hits.","fx, transition, transitions, impact, impacts, boom, booms, slam, hit, hits",,,,,,,,,,,,,,,,,,,,,,,,,,,,EFFEKTER,SMELL,,,,,,,,,,,,,,,,,,,,,,,,,,,,
FX,SUB DROP,FXSubdrop,FX,Sub drops and low-frequency hits.,"fx, transition, transitions, subdrop, subdrops, sub, drop, drops, subwoofer",,,,,,,,,,,,,,,,,,,,,,,,,,,,EFFEKTER,SUB-DROP,,,,,,,,,,,,,,,,,,,,,,,,,,,,
FX,REVERSE,FXReverse,FX,Reversed sounds and reverse cymbals.,"fx, transition, transitions, reverse, reversed, rev, reversecymbal",,,,,,,,,,,,,,,,,,,,,,,,,,,,EFFEKTER,REVERS,,,,,,,,,,,,,,,,,,,,,,,,,,,,
FX,NOISE,FXNoise,FX,"White/pink noise, vinyl crackle and tape hiss beds.","fx, transition, transitions, noise, noises, whitenoise, pinknoise, crackle, vinylcrackle",,,,,,,,,,,,,,,,,,,,,,,,,,,,EFFEKTER,STØY,,,,,,,,,,,,,,,,,,,,,,,,,,,,
FX,GLITCH,FXGlitch,FX,"Glitches, tape stops and bitcrushed artefacts.","fx, transition, transitions, glitch, glitches, glitchy, tapestop, bitcrush, bitcrushed",,,,,,,,,,,,,,,,,,,,,,,,,,,,EFFEKTER,GLITCH,,,,,,,,,,,,,,,,,,,,,,,,,,,,
FX,SCRATCH,FXScratch,FX,Turntable scratches.,"fx, transition, transitions, scratch, scratches, scratching, turntable, dj",,,,,,,,,,,,,,,,,,,,,,,,,,,,EFFEKTER,SCRATCH,,,,,,,,,,,,,,,,,,,,,,,,,,,,
FX,ATMOS,FXAtmos,FX,Musical atmospheres and textures.,"fx, transition, transitions, atmos, atmosphere, atmospheres, texture, textures",,,,,,,,,,,,,,,,,,,,,,,,,,,,EFFEKTER,ATMOSFÆRE,,,,,,,,,,,,,,,,,,,,,,,,,,,,
FX,MISC,FXMisc,FX,Music FX not fitting another FX subcategory.,"fx, transition, transitions, misc",,,,,,,,,,,,,,,,,,,,,,,,,,,,EFFEKTER,DIVERSE,,,,,,,,,,,,,,,,,,,,,,,,,,,,
STEM,DRUMS,STEMDrums,STEM,Drum stems.,"stem, stems, multitrack, multitracks, drum, drums",,,,,,,,,,,,,,,,,,,,,,,,,,,,STEM,TROMMER,,,,,,,,,,,,,,,,,,,,,,,,,,,,
STEM,PERCUSSION,STEMPerc,STEM,Percussion stems.,"stem, stems, multitrack, multitracks, perc, percussion",,,,,,,,,,,,,,,,,,,,,,,,,,,,STEM,PERKUSJON,,,,,,,,,,,,,,,,,,,,,,,,,,,,
STEM,BASS,STEMBass,STEM,Bass stems.,"stem, stems, multitrack, multitracks, bass",,,,,,,,,,,,,,,,,,,,,,,,,,,,STEM,BASS,,,,,,,,,,,,,,,,,,,,,,,,,,,,
STEM,KEYS,STEMKeys,STEM,Keys and piano stems.,"stem, stems, multitrack, multitracks, keys, piano",,,,,,,,,,,,,,,,,,,,,,,,,,,,STEM,TANGENTER,,,,,,,,,,,,,,,,,,,,,,,,,,,,
STEM,SYNTH,STEMSynth,STEM,Synth stems.,"stem, stems, multitrack, multitracks, synth, synths",,,,,,,,,,,,,,,,,,,,,,,,,,,,STEM,SYNTH,,,,,,,,,,,,,,,,,,,,,,,,,,,,
STEM,GUITAR,STEMGuitar,STEM,Guitar stems.,"stem, stems, multitrack, multitracks, guitar, guitars, gtr",,,,,,,,,,,,,,,,,,,,,,,,,,,,STEM,GITAR,,,,,,,,,,,,,,,,,,,,,,,,,,,,
STEM,STRINGS,STEMStrings,STEM,String stems.,"stem, stems, multitrack, multitracks, strings",,,,,,,,,,,,,,,,,,,,,,,,,,,,STEM,STRYKERE,,,,,,,,,,,,,,,,,,,,,,,,,,,,
STEM,BRASS,STEMBrass,STEM,Brass stems.,"stem, stems, multitrack, multitracks, brass, horns",,,,,,,,,,,,,,,,,,,,,,,,,,,,STEM,MESSING,,,,,,,,,,,,,,,,,,,,,,,,,,,,
STEM,WOODWINDS,STEMWwnd,STEM,Woodwind stems.,"stem, stems, multitrack, multitracks, woodwind, woodwinds",,,,,,,,,,,,,,,,,,,,,,,,,,,,STEM,TREBLÅSERE,,,,,,,,,,,,,,,,,,,,,,,,,,,,
STEM,VOCALS,STEMVocals,STEM,Vocal stems.,"stem, stems, multitrack, multitracks, vocal, vocals, vox",,,,,,,,,,,,,,,,,,,,,,,,,,,,STEM,VOKAL,,,,,,,,,,,,,,,,,,,,,,,,,,,,
STEM,FX,STEMFx,STEM,FX stems.,"stem, stems, multitrack, multitracks, fx",,,,,,,,,,,,,,,,,,,,,,,,,,,,STEM,EFFEKTER,,,,,,,,,,,,,,,,,,,,,,,,,,,,
STEM,MIX,STEMMix,STEM,"Full mixes, instrumentals and mixdowns of a track.","stem, stems, multitrack, multitracks, mix, fullmix, mixdown, master, instrumental",,,,,,,,,,,,,,,,,,,,,,,,,,,,STEM,MIKS,,,,,,,,,,,,,,,,,,,,,,,,,,,,
